filename,label
X00016469670_auth.jpg,authentic
X00016469670_tamp.jpg,tampered
X00016469671_auth.jpg,authentic
X00016469671_tamp.jpg,tampered
X51005200931_auth.jpg,authentic
X51005200931_tamp.jpg,tampered
X51005230605_auth.jpg,authentic
X51005230605_tamp.jpg,tampered
X51005230616_auth.jpg,authentic
X51005230616_tamp.jpg,tampered
X51005230621_auth.jpg,authentic
X51005230621_tamp.jpg,tampered
X51005230648_auth.jpg,authentic
X51005230648_tamp.jpg,tampered
X51005230657_auth.jpg,authentic
X51005230657_tamp.jpg,tampered
X51005230659_auth.jpg,authentic
X51005230659_tamp.jpg,tampered
X51005268275_auth.jpg,authentic
X51005268275_tamp.jpg,tampered
X51005268408_auth.jpg,authentic
X51005268408_tamp.jpg,tampered
X51005301666_auth.jpg,authentic
X51005301666_tamp.jpg,tampered
X51005337867_auth.jpg,authentic
X51005337867_tamp.jpg,tampered
X51005337877_auth.jpg,authentic
X51005337877_tamp.jpg,tampered
X51005361906_auth.jpg,authentic
X51005361906_tamp.jpg,tampered
X51005361908_auth.jpg,authentic
X51005361908_tamp.jpg,tampered
X51005361912_auth.jpg,authentic
X51005361912_tamp.jpg,tampered
X51005361923_auth.jpg,authentic
X51005361923_tamp.jpg,tampered
X51005365187_auth.jpg,authentic
X51005365187_tamp.jpg,tampered
X51005433518_auth.jpg,authentic
X51005433518_tamp.jpg,tampered
X51005433543_auth.jpg,authentic
X51005433543_tamp.jpg,tampered
X51005433556_auth.jpg,authentic
X51005433556_tamp.jpg,tampered
X51005442322_auth.jpg,authentic
X51005442322_tamp.jpg,tampered
X51005442334_auth.jpg,authentic
X51005442334_tamp.jpg,tampered
X51005442343_auth.jpg,authentic
X51005442343_tamp.jpg,tampered
X51005442366_auth.jpg,authentic
X51005442366_tamp.jpg,tampered
X51005442375_auth.jpg,authentic
X51005442375_tamp.jpg,tampered
X51005442382_auth.jpg,authentic
X51005442382_tamp.jpg,tampered
X51005442388_auth.jpg,authentic
X51005442388_tamp.jpg,tampered
X51005444040_auth.jpg,authentic
X51005444040_tamp.jpg,tampered
X51005444041_auth.jpg,authentic
X51005444041_tamp.jpg,tampered
X51005444044_auth.jpg,authentic
X51005444044_tamp.jpg,tampered
X51005444046_auth.jpg,authentic
X51005444046_tamp.jpg,tampered
X51005447841_auth.jpg,authentic
X51005447841_tamp.jpg,tampered
X51005447842_auth.jpg,authentic
X51005447842_tamp.jpg,tampered
X51005447844_auth.jpg,authentic
X51005447844_tamp.jpg,tampered
X51005447851_auth.jpg,authentic
X51005447851_tamp.jpg,tampered
X51005447859_auth.jpg,authentic
X51005447859_tamp.jpg,tampered
X51005568855_auth.jpg,authentic
X51005568855_tamp.jpg,tampered
X51005568866_auth.jpg,authentic
X51005568866_tamp.jpg,tampered
X51005568885_auth.jpg,authentic
X51005568885_tamp.jpg,tampered
X51005568887_auth.jpg,authentic
X51005568887_tamp.jpg,tampered
X51005568889_auth.jpg,authentic
X51005568889_tamp.jpg,tampered
X51005568890_auth.jpg,authentic
X51005568890_tamp.jpg,tampered
X51005568892_auth.jpg,authentic
X51005568892_tamp.jpg,tampered
X51005568894_auth.jpg,authentic
X51005568894_tamp.jpg,tampered
X51005568895_auth.jpg,authentic
X51005568895_tamp.jpg,tampered
X51005577191_auth.jpg,authentic
X51005577191_tamp.jpg,tampered
X51005582745_auth.jpg,authentic
X51005582745_tamp.jpg,tampered
X51005587261_auth.jpg,authentic
X51005587261_tamp.jpg,tampered
X51005605287_auth.jpg,authentic
X51005605287_tamp.jpg,tampered
X51005605295_auth.jpg,authentic
X51005605295_tamp.jpg,tampered
X51005605332_auth.jpg,authentic
X51005605332_tamp.jpg,tampered
X51005621482_auth.jpg,authentic
X51005621482_tamp.jpg,tampered
X51005663274_auth.jpg,authentic
X51005663274_tamp.jpg,tampered
X51005663300_auth.jpg,authentic
X51005663300_tamp.jpg,tampered
X51005663307_auth.jpg,authentic
X51005663307_tamp.jpg,tampered
X51005663309_auth.jpg,authentic
X51005663309_tamp.jpg,tampered
X51005663310_auth.jpg,authentic
X51005663310_tamp.jpg,tampered
X51005663323_auth.jpg,authentic
X51005663323_tamp.jpg,tampered
X51005675099_auth.jpg,authentic
X51005675099_tamp.jpg,tampered
X51005675103_auth.jpg,authentic
X51005675103_tamp.jpg,tampered
X51005675104_auth.jpg,authentic
X51005675104_tamp.jpg,tampered
X51005675914_auth.jpg,authentic
X51005675914_tamp.jpg,tampered
X51005676534_auth.jpg,authentic
X51005676534_tamp.jpg,tampered
X51005676535_auth.jpg,authentic
X51005676535_tamp.jpg,tampered
X51005676537_auth.jpg,authentic
X51005676537_tamp.jpg,tampered
X51005676542_auth.jpg,authentic
X51005676542_tamp.jpg,tampered
X51005676548_auth.jpg,authentic
X51005676548_tamp.jpg,tampered
X51005677327_auth.jpg,authentic
X51005677327_tamp.jpg,tampered
X51005677333_auth.jpg,authentic
X51005677333_tamp.jpg,tampered
X51005677336_auth.jpg,authentic
X51005677336_tamp.jpg,tampered
X51005677337_auth.jpg,authentic
X51005677337_tamp.jpg,tampered
X510056849111_auth.jpg,authentic
X510056849111_tamp.jpg,tampered
X51005684949_auth.jpg,authentic
X51005684949_tamp.jpg,tampered
X51005705727_auth.jpg,authentic
X51005705727_tamp.jpg,tampered
X51005705729_auth.jpg,authentic
X51005705729_tamp.jpg,tampered
X51005705784_auth.jpg,authentic
X51005705784_tamp.jpg,tampered
X51005710963_auth.jpg,authentic
X51005710963_tamp.jpg,tampered
X51005711402_auth.jpg,authentic
X51005711402_tamp.jpg,tampered
X51005711443_auth.jpg,authentic
X51005711443_tamp.jpg,tampered
X51005711444_auth.jpg,authentic
X51005711444_tamp.jpg,tampered
X51005711446_auth.jpg,authentic
X51005711446_tamp.jpg,tampered
X51005711449_auth.jpg,authentic
X51005711449_tamp.jpg,tampered
X51005715007_auth.jpg,authentic
X51005715007_tamp.jpg,tampered
X51005715455_auth.jpg,authentic
X51005715455_tamp.jpg,tampered
X51005719823_auth.jpg,authentic
X51005719823_tamp.jpg,tampered
X51005719855_auth.jpg,authentic
X51005719855_tamp.jpg,tampered
X51005719857_auth.jpg,authentic
X51005719857_tamp.jpg,tampered
X51005719863_auth.jpg,authentic
X51005719863_tamp.jpg,tampered
X51005719888_auth.jpg,authentic
X51005719888_tamp.jpg,tampered
X51005719889_auth.jpg,authentic
X51005719889_tamp.jpg,tampered
X51005719895_auth.jpg,authentic
X51005719895_tamp.jpg,tampered
X51005719898_auth.jpg,authentic
X51005719898_tamp.jpg,tampered
X51005719903_auth.jpg,authentic
X51005719903_tamp.jpg,tampered
X51005719905_auth.jpg,authentic
X51005719905_tamp.jpg,tampered
X51005724552_auth.jpg,authentic
X51005724552_tamp.jpg,tampered
X51005724611_auth.jpg,authentic
X51005724611_tamp.jpg,tampered
X51005724622_auth.jpg,authentic
X51005724622_tamp.jpg,tampered
X51005724623_auth.jpg,authentic
X51005724623_tamp.jpg,tampered
X51005724624_auth.jpg,authentic
X51005724624_tamp.jpg,tampered
X51005724625_auth.jpg,authentic
X51005724625_tamp.jpg,tampered
X51005724626_auth.jpg,authentic
X51005724626_tamp.jpg,tampered
X51005724628_auth.jpg,authentic
X51005724628_tamp.jpg,tampered
X51005741929_auth.jpg,authentic
X51005741929_tamp.jpg,tampered
X51005742110_auth.jpg,authentic
X51005742110_tamp.jpg,tampered
X51005745213_auth.jpg,authentic
X51005745213_tamp.jpg,tampered
X51005745244_auth.jpg,authentic
X51005745244_tamp.jpg,tampered
X51005745298_auth.jpg,authentic
X51005745298_tamp.jpg,tampered
X51005746203_auth.jpg,authentic
X51005746203_tamp.jpg,tampered
X51005746204_auth.jpg,authentic
X51005746204_tamp.jpg,tampered
X51005746206_auth.jpg,authentic
X51005746206_tamp.jpg,tampered
X51005746207_auth.jpg,authentic
X51005746207_tamp.jpg,tampered
X51005746210_auth.jpg,authentic
X51005746210_tamp.jpg,tampered
X51005749904_auth.jpg,authentic
X51005749904_tamp.jpg,tampered
X51005757233_auth.jpg,authentic
X51005757233_tamp.jpg,tampered
X51005757282_auth.jpg,authentic
X51005757282_tamp.jpg,tampered
X51005757292_auth.jpg,authentic
X51005757292_tamp.jpg,tampered
X51005757308_auth.jpg,authentic
X51005757308_tamp.jpg,tampered
X51005757342_auth.jpg,authentic
X51005757342_tamp.jpg,tampered
X51005763958_auth.jpg,authentic
X51005763958_tamp.jpg,tampered
X51005763964_auth.jpg,authentic
X51005763964_tamp.jpg,tampered
X51005763999_auth.jpg,authentic
X51005763999_tamp.jpg,tampered
X51005764031_auth.jpg,authentic
X51005764031_tamp.jpg,tampered
X51005764154_auth.jpg,authentic
X51005764154_tamp.jpg,tampered
X51005764161_auth.jpg,authentic
X51005764161_tamp.jpg,tampered
X51005806692_auth.jpg,authentic
X51005806692_tamp.jpg,tampered
X51005806695_auth.jpg,authentic
X51005806695_tamp.jpg,tampered
X51005806696_auth.jpg,authentic
X51005806696_tamp.jpg,tampered
X51005806718_auth.jpg,authentic
X51005806718_tamp.jpg,tampered
X51005806719_auth.jpg,authentic
X51005806719_tamp.jpg,tampered
X51005806720_auth.jpg,authentic
X51005806720_tamp.jpg,tampered
X51006008081_auth.jpg,authentic
X51006008081_tamp.jpg,tampered
X51006008082_auth.jpg,authentic
X51006008082_tamp.jpg,tampered
X51006008083_auth.jpg,authentic
X51006008083_tamp.jpg,tampered
X51006008090_auth.jpg,authentic
X51006008090_tamp.jpg,tampered
X51006008092_auth.jpg,authentic
X51006008092_tamp.jpg,tampered
X51006008093_auth.jpg,authentic
X51006008093_tamp.jpg,tampered
X51006008105_auth.jpg,authentic
X51006008105_tamp.jpg,tampered
X51006008166_auth.jpg,authentic
X51006008166_tamp.jpg,tampered
X51006008206_auth.jpg,authentic
X51006008206_tamp.jpg,tampered
X51006248253_auth.jpg,authentic
X51006248253_tamp.jpg,tampered
X51006311714_auth.jpg,authentic
X51006311714_tamp.jpg,tampered
X51006327953_auth.jpg,authentic
X51006327953_tamp.jpg,tampered
X51006327960_auth.jpg,authentic
X51006327960_tamp.jpg,tampered
X51006328345_auth.jpg,authentic
X51006328345_tamp.jpg,tampered
X51006328937_auth.jpg,authentic
X51006328937_tamp.jpg,tampered
X51006328967_auth.jpg,authentic
X51006328967_tamp.jpg,tampered
X51006329183_auth.jpg,authentic
X51006329183_tamp.jpg,tampered
X51006329388_auth.jpg,authentic
X51006329388_tamp.jpg,tampered
